id_str,true_label,pred_label,pred_confidence,filter_used,file_loc
6190,ELLIPTICAL,ELLIPTICAL,0.99664056,F150W,/n03data/huertas/COSMOS-Web/zoobot/stamps_ilbert/F150W/F150W_6190.jpg
3038,ELLIPTICAL,ELLIPTICAL,0.73083085,F150W,/n03data/huertas/COSMOS-Web/zoobot/stamps_ilbert/F150W/F150W_3038.jpg
7314,ELLIPTICAL,ELLIPTICAL,0.99995553,F277W,/n03data/huertas/COSMOS-Web/zoobot/stamps_ilbert/F277W/F277W_7314.jpg
13314,ELLIPTICAL,ELLIPTICAL,0.9292465,F150W,/n03data/huertas/COSMOS-Web/zoobot/stamps_ilbert/F150W/F150W_13314.jpg
7902,ELLIPTICAL,ELLIPTICAL,0.5655384,F150W,/n03data/huertas/COSMOS-Web/zoobot/stamps_ilbert/F150W/F150W_7902.jpg
12128,ELLIPTICAL,ELLIPTICAL,0.6638021,F150W,/n03data/huertas/COSMOS-Web/zoobot/stamps_ilbert/F150W/F150W_12128.jpg
13825,ELLIPTICAL,ELLIPTICAL,0.99454224,F150W,/n03data/huertas/COSMOS-Web/zoobot/stamps_ilbert/F150W/F150W_13825.jpg
8806,ELLIPTICAL,ELLIPTICAL,0.86222696,F150W,/n03data/huertas/COSMOS-Web/zoobot/stamps_ilbert/F150W/F150W_8806.jpg
12072,ELLIPTICAL,ELLIPTICAL,0.9606723,F277W,/n03data/huertas/COSMOS-Web/zoobot/stamps_ilbert/F277W/F277W_12072.jpg
3362,ELLIPTICAL,ELLIPTICAL,0.9806245,F277W,/n03data/huertas/COSMOS-Web/zoobot/stamps_ilbert/F277W/F277W_3362.jpg
11933,ELLIPTICAL,ELLIPTICAL,0.5007483,F150W,/n03data/huertas/COSMOS-Web/zoobot/stamps_ilbert/F150W/F150W_11933.jpg
5712,ELLIPTICAL,ELLIPTICAL,0.4479731,F150W,/n03data/huertas/COSMOS-Web/zoobot/stamps_ilbert/F150W/F150W_5712.jpg
3394,ELLIPTICAL,ELLIPTICAL,0.9983919,F277W,/n03data/huertas/COSMOS-Web/zoobot/stamps_ilbert/F277W/F277W_3394.jpg
13248,ELLIPTICAL,ELLIPTICAL,0.5157683,F150W,/n03data/huertas/COSMOS-Web/zoobot/stamps_ilbert/F150W/F150W_13248.jpg
1038,ELLIPTICAL,ELLIPTICAL,0.98388666,F150W,/n03data/huertas/COSMOS-Web/zoobot/stamps_ilbert/F150W/F150W_1038.jpg
4415,ELLIPTICAL,ELLIPTICAL,0.9692872,F150W,/n03data/huertas/COSMOS-Web/zoobot/stamps_ilbert/F150W/F150W_4415.jpg
13322,ELLIPTICAL,ELLIPTICAL,0.74220604,F150W,/n03data/huertas/COSMOS-Web/zoobot/stamps_ilbert/F150W/F150W_13322.jpg
11952,ELLIPTICAL,ELLIPTICAL,0.97193503,F150W,/n03data/huertas/COSMOS-Web/zoobot/stamps_ilbert/F150W/F150W_11952.jpg
7319,ELLIPTICAL,ELLIPTICAL,0.9992601,F150W,/n03data/huertas/COSMOS-Web/zoobot/stamps_ilbert/F150W/F150W_7319.jpg
7883,ELLIPTICAL,ELLIPTICAL,0.6760229,F444W,/n03data/huertas/COSMOS-Web/zoobot/stamps_ilbert/F444W/F444W_7883.jpg
9184,ELLIPTICAL,ELLIPTICAL,0.98150945,F277W,/n03data/huertas/COSMOS-Web/zoobot/stamps_ilbert/F277W/F277W_9184.jpg
7858,ELLIPTICAL,ELLIPTICAL,0.9950841,F444W,/n03data/huertas/COSMOS-Web/zoobot/stamps_ilbert/F444W/F444W_7858.jpg
889,ELLIPTICAL,ELLIPTICAL,0.9819052,F277W,/n03data/huertas/COSMOS-Web/zoobot/stamps_ilbert/F277W/F277W_889.jpg
7369,ELLIPTICAL,ELLIPTICAL,0.4259237,F150W,/n03data/huertas/COSMOS-Web/zoobot/stamps_ilbert/F150W/F150W_7369.jpg
13313,ELLIPTICAL,ELLIPTICAL,0.9647351,F444W,/n03data/huertas/COSMOS-Web/zoobot/stamps_ilbert/F444W/F444W_13313.jpg
13408,ELLIPTICAL,S0,0.5296651,F277W,/n03data/huertas/COSMOS-Web/zoobot/stamps_ilbert/F277W/F277W_13408.jpg
3168,ELLIPTICAL,S0,0.5950925,F150W,/n03data/huertas/COSMOS-Web/zoobot/stamps_ilbert/F150W/F150W_3168.jpg
898,ELLIPTICAL,S0,0.5631165,F277W,/n03data/huertas/COSMOS-Web/zoobot/stamps_ilbert/F277W/F277W_898.jpg
7253,ELLIPTICAL,S0,0.9625686,F150W,/n03data/huertas/COSMOS-Web/zoobot/stamps_ilbert/F150W/F150W_7253.jpg
7185,ELLIPTICAL,S0,0.4901076,F444W,/n03data/huertas/COSMOS-Web/zoobot/stamps_ilbert/F444W/F444W_7185.jpg
7198,ELLIPTICAL,S0,0.6517063,F150W,/n03data/huertas/COSMOS-Web/zoobot/stamps_ilbert/F150W/F150W_7198.jpg
4398,ELLIPTICAL,S0,0.57280946,F150W,/n03data/huertas/COSMOS-Web/zoobot/stamps_ilbert/F150W/F150W_4398.jpg
9193,ELLIPTICAL,S0,0.520474,F277W,/n03data/huertas/COSMOS-Web/zoobot/stamps_ilbert/F277W/F277W_9193.jpg
3217,ELLIPTICAL,S0,0.5392645,F277W,/n03data/huertas/COSMOS-Web/zoobot/stamps_ilbert/F277W/F277W_3217.jpg
863,ELLIPTICAL,S0,0.683055,F277W,/n03data/huertas/COSMOS-Web/zoobot/stamps_ilbert/F277W/F277W_863.jpg
10629,ELLIPTICAL,S0,0.63859063,F150W,/n03data/huertas/COSMOS-Web/zoobot/stamps_ilbert/F150W/F150W_10629.jpg
3383,ELLIPTICAL,S0,0.8289163,F444W,/n03data/huertas/COSMOS-Web/zoobot/stamps_ilbert/F444W/F444W_3383.jpg
6116,ELLIPTICAL,S0,0.9432556,F150W,/n03data/huertas/COSMOS-Web/zoobot/stamps_ilbert/F150W/F150W_6116.jpg
13277,ELLIPTICAL,S0,0.91534734,F277W,/n03data/huertas/COSMOS-Web/zoobot/stamps_ilbert/F277W/F277W_13277.jpg
12124,ELLIPTICAL,S0,0.59268045,F277W,/n03data/huertas/COSMOS-Web/zoobot/stamps_ilbert/F277W/F277W_12124.jpg
13872,ELLIPTICAL,S0,0.96102977,F277W,/n03data/huertas/COSMOS-Web/zoobot/stamps_ilbert/F277W/F277W_13872.jpg
6133,ELLIPTICAL,S0,0.52951276,F150W,/n03data/huertas/COSMOS-Web/zoobot/stamps_ilbert/F150W/F150W_6133.jpg
14518,ELLIPTICAL,S0,0.7504509,F277W,/n03data/huertas/COSMOS-Web/zoobot/stamps_ilbert/F277W/F277W_14518.jpg
4605,ELLIPTICAL,S0,0.87849194,F150W,/n03data/huertas/COSMOS-Web/zoobot/stamps_ilbert/F150W/F150W_4605.jpg
6113,ELLIPTICAL,S0,0.69835603,F150W,/n03data/huertas/COSMOS-Web/zoobot/stamps_ilbert/F150W/F150W_6113.jpg
12033,ELLIPTICAL,S0,0.3997614,F150W,/n03data/huertas/COSMOS-Web/zoobot/stamps_ilbert/F150W/F150W_12033.jpg
3117,ELLIPTICAL,S0,0.6242872,F277W,/n03data/huertas/COSMOS-Web/zoobot/stamps_ilbert/F277W/F277W_3117.jpg
13343,ELLIPTICAL,S0,0.53434026,F277W,/n03data/huertas/COSMOS-Web/zoobot/stamps_ilbert/F277W/F277W_13343.jpg
7907,ELLIPTICAL,S0,0.79368675,F150W,/n03data/huertas/COSMOS-Web/zoobot/stamps_ilbert/F150W/F150W_7907.jpg
8776,ELLIPTICAL,S0,0.88808554,F277W,/n03data/huertas/COSMOS-Web/zoobot/stamps_ilbert/F277W/F277W_8776.jpg
10807,ELLIPTICAL,EARLY_DISK,0.8131881,F444W,/n03data/huertas/COSMOS-Web/zoobot/stamps_ilbert/F444W/F444W_10807.jpg
11938,ELLIPTICAL,EARLY_DISK,0.41442797,F277W,/n03data/huertas/COSMOS-Web/zoobot/stamps_ilbert/F277W/F277W_11938.jpg
10605,ELLIPTICAL,EARLY_DISK,0.5332379,F277W,/n03data/huertas/COSMOS-Web/zoobot/stamps_ilbert/F277W/F277W_10605.jpg
13864,ELLIPTICAL,EARLY_DISK,0.69204587,F277W,/n03data/huertas/COSMOS-Web/zoobot/stamps_ilbert/F277W/F277W_13864.jpg
7695,ELLIPTICAL,EARLY_DISK,0.45955276,F444W,/n03data/huertas/COSMOS-Web/zoobot/stamps_ilbert/F444W/F444W_7695.jpg
13836,ELLIPTICAL,EARLY_DISK,0.49388587,F150W,/n03data/huertas/COSMOS-Web/zoobot/stamps_ilbert/F150W/F150W_13836.jpg
3342,ELLIPTICAL,EARLY_DISK,0.35309902,F277W,/n03data/huertas/COSMOS-Web/zoobot/stamps_ilbert/F277W/F277W_3342.jpg
3316,ELLIPTICAL,EARLY_DISK,0.49510163,F277W,/n03data/huertas/COSMOS-Web/zoobot/stamps_ilbert/F277W/F277W_3316.jpg
4798,ELLIPTICAL,EARLY_DISK,0.4977227,F150W,/n03data/huertas/COSMOS-Web/zoobot/stamps_ilbert/F150W/F150W_4798.jpg
4412,ELLIPTICAL,EARLY_DISK,0.5983084,F150W,/n03data/huertas/COSMOS-Web/zoobot/stamps_ilbert/F150W/F150W_4412.jpg
10620,ELLIPTICAL,EARLY_DISK,0.766121,F277W,/n03data/huertas/COSMOS-Web/zoobot/stamps_ilbert/F277W/F277W_10620.jpg
4819,ELLIPTICAL,EARLY_DISK,0.6243102,F150W,/n03data/huertas/COSMOS-Web/zoobot/stamps_ilbert/F150W/F150W_4819.jpg
7233,ELLIPTICAL,EARLY_DISK,0.4679827,F277W,/n03data/huertas/COSMOS-Web/zoobot/stamps_ilbert/F277W/F277W_7233.jpg
9232,ELLIPTICAL,EARLY_DISK,0.6327037,F444W,/n03data/huertas/COSMOS-Web/zoobot/stamps_ilbert/F444W/F444W_9232.jpg
13266,ELLIPTICAL,EARLY_DISK,0.59609145,F150W,/n03data/huertas/COSMOS-Web/zoobot/stamps_ilbert/F150W/F150W_13266.jpg
5682,ELLIPTICAL,EARLY_DISK,0.4981295,F277W,/n03data/huertas/COSMOS-Web/zoobot/stamps_ilbert/F277W/F277W_5682.jpg
8812,ELLIPTICAL,EARLY_DISK,0.48246932,F150W,/n03data/huertas/COSMOS-Web/zoobot/stamps_ilbert/F150W/F150W_8812.jpg
13527,ELLIPTICAL,EARLY_DISK,0.67320997,F277W,/n03data/huertas/COSMOS-Web/zoobot/stamps_ilbert/F277W/F277W_13527.jpg
9229,ELLIPTICAL,EARLY_DISK,0.3536311,F277W,/n03data/huertas/COSMOS-Web/zoobot/stamps_ilbert/F277W/F277W_9229.jpg
6172,ELLIPTICAL,EARLY_DISK,0.38458183,F150W,/n03data/huertas/COSMOS-Web/zoobot/stamps_ilbert/F150W/F150W_6172.jpg
8756,ELLIPTICAL,EARLY_DISK,0.6677836,F150W,/n03data/huertas/COSMOS-Web/zoobot/stamps_ilbert/F150W/F150W_8756.jpg
11128,ELLIPTICAL,EARLY_DISK,0.53919536,F277W,/n03data/huertas/COSMOS-Web/zoobot/stamps_ilbert/F277W/F277W_11128.jpg
13835,ELLIPTICAL,EARLY_DISK,0.49970543,F150W,/n03data/huertas/COSMOS-Web/zoobot/stamps_ilbert/F150W/F150W_13835.jpg
3399,ELLIPTICAL,EARLY_DISK,0.39607328,F277W,/n03data/huertas/COSMOS-Web/zoobot/stamps_ilbert/F277W/F277W_3399.jpg
13412,ELLIPTICAL,EARLY_DISK,0.42409968,F150W,/n03data/huertas/COSMOS-Web/zoobot/stamps_ilbert/F150W/F150W_13412.jpg
3631,ELLIPTICAL,LATE_DISK,0.47501037,F150W,/n03data/huertas/COSMOS-Web/zoobot/stamps_ilbert/F150W/F150W_3631.jpg
13863,ELLIPTICAL,LATE_DISK,0.59947556,F150W,/n03data/huertas/COSMOS-Web/zoobot/stamps_ilbert/F150W/F150W_13863.jpg
5654,ELLIPTICAL,LATE_DISK,0.4981364,F277W,/n03data/huertas/COSMOS-Web/zoobot/stamps_ilbert/F277W/F277W_5654.jpg
970,ELLIPTICAL,LATE_DISK,0.49139294,F444W,/n03data/huertas/COSMOS-Web/zoobot/stamps_ilbert/F444W/F444W_970.jpg
14034,ELLIPTICAL,LATE_DISK,0.6432932,F277W,/n03data/huertas/COSMOS-Web/zoobot/stamps_ilbert/F277W/F277W_14034.jpg
7275,ELLIPTICAL,LATE_DISK,0.65173495,F150W,/n03data/huertas/COSMOS-Web/zoobot/stamps_ilbert/F150W/F150W_7275.jpg
8809,ELLIPTICAL,LATE_DISK,0.6620949,F150W,/n03data/huertas/COSMOS-Web/zoobot/stamps_ilbert/F150W/F150W_8809.jpg
1042,ELLIPTICAL,LATE_DISK,0.47920236,F277W,/n03data/huertas/COSMOS-Web/zoobot/stamps_ilbert/F277W/F277W_1042.jpg
7202,ELLIPTICAL,LATE_DISK,0.55720824,F150W,/n03data/huertas/COSMOS-Web/zoobot/stamps_ilbert/F150W/F150W_7202.jpg
11980,ELLIPTICAL,LATE_DISK,0.66680604,F150W,/n03data/huertas/COSMOS-Web/zoobot/stamps_ilbert/F150W/F150W_11980.jpg
13491,ELLIPTICAL,LATE_DISK,0.6797711,F150W,/n03data/huertas/COSMOS-Web/zoobot/stamps_ilbert/F150W/F150W_13491.jpg
13875,ELLIPTICAL,LATE_DISK,0.7442795,F150W,/n03data/huertas/COSMOS-Web/zoobot/stamps_ilbert/F150W/F150W_13875.jpg
3366,ELLIPTICAL,LATE_DISK,0.4862942,F444W,/n03data/huertas/COSMOS-Web/zoobot/stamps_ilbert/F444W/F444W_3366.jpg
1009,ELLIPTICAL,LATE_DISK,0.8442942,F150W,/n03data/huertas/COSMOS-Web/zoobot/stamps_ilbert/F150W/F150W_1009.jpg
2376,ELLIPTICAL,LATE_DISK,0.69278246,F150W,/n03data/huertas/COSMOS-Web/zoobot/stamps_ilbert/F150W/F150W_2376.jpg
10638,ELLIPTICAL,LATE_DISK,0.4321968,F150W,/n03data/huertas/COSMOS-Web/zoobot/stamps_ilbert/F150W/F150W_10638.jpg
9212,ELLIPTICAL,LATE_DISK,0.7958989,F277W,/n03data/huertas/COSMOS-Web/zoobot/stamps_ilbert/F277W/F277W_9212.jpg
12131,ELLIPTICAL,LATE_DISK,0.48341897,F277W,/n03data/huertas/COSMOS-Web/zoobot/stamps_ilbert/F277W/F277W_12131.jpg
10643,ELLIPTICAL,LATE_DISK,0.71880275,F150W,/n03data/huertas/COSMOS-Web/zoobot/stamps_ilbert/F150W/F150W_10643.jpg
13885,ELLIPTICAL,LATE_DISK,0.7727679,F150W,/n03data/huertas/COSMOS-Web/zoobot/stamps_ilbert/F150W/F150W_13885.jpg
10821,ELLIPTICAL,LATE_DISK,0.59146535,F277W,/n03data/huertas/COSMOS-Web/zoobot/stamps_ilbert/F277W/F277W_10821.jpg
13554,ELLIPTICAL,LATE_DISK,0.6292416,F150W,/n03data/huertas/COSMOS-Web/zoobot/stamps_ilbert/F150W/F150W_13554.jpg
11993,ELLIPTICAL,LATE_DISK,0.70668334,F150W,/n03data/huertas/COSMOS-Web/zoobot/stamps_ilbert/F150W/F150W_11993.jpg
3240,ELLIPTICAL,LATE_DISK,0.5252395,F444W,/n03data/huertas/COSMOS-Web/zoobot/stamps_ilbert/F444W/F444W_3240.jpg
13475,ELLIPTICAL,LATE_DISK,0.4695555,F150W,/n03data/huertas/COSMOS-Web/zoobot/stamps_ilbert/F150W/F150W_13475.jpg
12098,S0,ELLIPTICAL,0.6014502,F277W,/n03data/huertas/COSMOS-Web/zoobot/stamps_ilbert/F277W/F277W_12098.jpg
3819,S0,ELLIPTICAL,0.8344598,F277W,/n03data/huertas/COSMOS-Web/zoobot/stamps_ilbert/F277W/F277W_3819.jpg
5765,S0,ELLIPTICAL,0.8661769,F277W,/n03data/huertas/COSMOS-Web/zoobot/stamps_ilbert/F277W/F277W_5765.jpg
3714,S0,ELLIPTICAL,0.77128816,F150W,/n03data/huertas/COSMOS-Web/zoobot/stamps_ilbert/F150W/F150W_3714.jpg
3446,S0,ELLIPTICAL,0.9457062,F150W,/n03data/huertas/COSMOS-Web/zoobot/stamps_ilbert/F150W/F150W_3446.jpg
3912,S0,ELLIPTICAL,0.9954289,F150W,/n03data/huertas/COSMOS-Web/zoobot/stamps_ilbert/F150W/F150W_3912.jpg
3465,S0,ELLIPTICAL,0.7682128,F150W,/n03data/huertas/COSMOS-Web/zoobot/stamps_ilbert/F150W/F150W_3465.jpg
7432,S0,ELLIPTICAL,0.598307,F150W,/n03data/huertas/COSMOS-Web/zoobot/stamps_ilbert/F150W/F150W_7432.jpg
5807,S0,ELLIPTICAL,0.7785292,F150W,/n03data/huertas/COSMOS-Web/zoobot/stamps_ilbert/F150W/F150W_5807.jpg
5741,S0,ELLIPTICAL,0.93005365,F444W,/n03data/huertas/COSMOS-Web/zoobot/stamps_ilbert/F444W/F444W_5741.jpg
6329,S0,ELLIPTICAL,0.64470786,F277W,/n03data/huertas/COSMOS-Web/zoobot/stamps_ilbert/F277W/F277W_6329.jpg
14514,S0,ELLIPTICAL,0.980121,F277W,/n03data/huertas/COSMOS-Web/zoobot/stamps_ilbert/F277W/F277W_14514.jpg
3955,S0,ELLIPTICAL,0.8796325,F150W,/n03data/huertas/COSMOS-Web/zoobot/stamps_ilbert/F150W/F150W_3955.jpg
5826,S0,ELLIPTICAL,0.79131174,F277W,/n03data/huertas/COSMOS-Web/zoobot/stamps_ilbert/F277W/F277W_5826.jpg
3755,S0,ELLIPTICAL,0.50994617,F277W,/n03data/huertas/COSMOS-Web/zoobot/stamps_ilbert/F277W/F277W_3755.jpg
3808,S0,ELLIPTICAL,0.83475405,F277W,/n03data/huertas/COSMOS-Web/zoobot/stamps_ilbert/F277W/F277W_3808.jpg
8832,S0,ELLIPTICAL,0.8671687,F277W,/n03data/huertas/COSMOS-Web/zoobot/stamps_ilbert/F277W/F277W_8832.jpg
1167,S0,ELLIPTICAL,0.9738756,F277W,/n03data/huertas/COSMOS-Web/zoobot/stamps_ilbert/F277W/F277W_1167.jpg
3492,S0,ELLIPTICAL,0.5088629,F277W,/n03data/huertas/COSMOS-Web/zoobot/stamps_ilbert/F277W/F277W_3492.jpg
4664,S0,ELLIPTICAL,0.5667455,F150W,/n03data/huertas/COSMOS-Web/zoobot/stamps_ilbert/F150W/F150W_4664.jpg
12289,S0,ELLIPTICAL,0.5634395,F277W,/n03data/huertas/COSMOS-Web/zoobot/stamps_ilbert/F277W/F277W_12289.jpg
8001,S0,ELLIPTICAL,0.6614333,F277W,/n03data/huertas/COSMOS-Web/zoobot/stamps_ilbert/F277W/F277W_8001.jpg
7463,S0,ELLIPTICAL,0.43910125,F277W,/n03data/huertas/COSMOS-Web/zoobot/stamps_ilbert/F277W/F277W_7463.jpg
9150,S0,ELLIPTICAL,0.9515934,F150W,/n03data/huertas/COSMOS-Web/zoobot/stamps_ilbert/F150W/F150W_9150.jpg
1501,S0,ELLIPTICAL,0.9962166,F277W,/n03data/huertas/COSMOS-Web/zoobot/stamps_ilbert/F277W/F277W_1501.jpg
3718,S0,S0,0.9154888,F277W,/n03data/huertas/COSMOS-Web/zoobot/stamps_ilbert/F277W/F277W_3718.jpg
4107,S0,S0,0.7482719,F277W,/n03data/huertas/COSMOS-Web/zoobot/stamps_ilbert/F277W/F277W_4107.jpg
3489,S0,S0,0.82130104,F277W,/n03data/huertas/COSMOS-Web/zoobot/stamps_ilbert/F277W/F277W_3489.jpg
3610,S0,S0,0.7565742,F277W,/n03data/huertas/COSMOS-Web/zoobot/stamps_ilbert/F277W/F277W_3610.jpg
8895,S0,S0,0.7407709,F277W,/n03data/huertas/COSMOS-Web/zoobot/stamps_ilbert/F277W/F277W_8895.jpg
1066,S0,S0,0.9388688,F150W,/n03data/huertas/COSMOS-Web/zoobot/stamps_ilbert/F150W/F150W_1066.jpg
3412,S0,S0,0.96126944,F277W,/n03data/huertas/COSMOS-Web/zoobot/stamps_ilbert/F277W/F277W_3412.jpg
3457,S0,S0,0.84806097,F150W,/n03data/huertas/COSMOS-Web/zoobot/stamps_ilbert/F150W/F150W_3457.jpg
6319,S0,S0,0.9008905,F277W,/n03data/huertas/COSMOS-Web/zoobot/stamps_ilbert/F277W/F277W_6319.jpg
3429,S0,S0,0.99292725,F150W,/n03data/huertas/COSMOS-Web/zoobot/stamps_ilbert/F150W/F150W_3429.jpg
13285,S0,S0,0.88248986,F150W,/n03data/huertas/COSMOS-Web/zoobot/stamps_ilbert/F150W/F150W_13285.jpg
1093,S0,S0,0.85794806,F277W,/n03data/huertas/COSMOS-Web/zoobot/stamps_ilbert/F277W/F277W_1093.jpg
13944,S0,S0,0.9913414,F277W,/n03data/huertas/COSMOS-Web/zoobot/stamps_ilbert/F277W/F277W_13944.jpg
6712,S0,S0,0.8163153,F444W,/n03data/huertas/COSMOS-Web/zoobot/stamps_ilbert/F444W/F444W_6712.jpg
7962,S0,S0,0.9861615,F277W,/n03data/huertas/COSMOS-Web/zoobot/stamps_ilbert/F277W/F277W_7962.jpg
12897,S0,S0,0.5974216,F150W,/n03data/huertas/COSMOS-Web/zoobot/stamps_ilbert/F150W/F150W_12897.jpg
10456,S0,S0,0.58079565,F150W,/n03data/huertas/COSMOS-Web/zoobot/stamps_ilbert/F150W/F150W_10456.jpg
3624,S0,S0,0.61510813,F150W,/n03data/huertas/COSMOS-Web/zoobot/stamps_ilbert/F150W/F150W_3624.jpg
10836,S0,S0,0.9791312,F150W,/n03data/huertas/COSMOS-Web/zoobot/stamps_ilbert/F150W/F150W_10836.jpg
3729,S0,S0,0.8801869,F444W,/n03data/huertas/COSMOS-Web/zoobot/stamps_ilbert/F444W/F444W_3729.jpg
4648,S0,S0,0.99657214,F150W,/n03data/huertas/COSMOS-Web/zoobot/stamps_ilbert/F150W/F150W_4648.jpg
8902,S0,S0,0.35550398,F150W,/n03data/huertas/COSMOS-Web/zoobot/stamps_ilbert/F150W/F150W_8902.jpg
3803,S0,S0,0.9819921,F150W,/n03data/huertas/COSMOS-Web/zoobot/stamps_ilbert/F150W/F150W_3803.jpg
12047,S0,S0,0.63945097,F277W,/n03data/huertas/COSMOS-Web/zoobot/stamps_ilbert/F277W/F277W_12047.jpg
9476,S0,S0,0.7100672,F150W,/n03data/huertas/COSMOS-Web/zoobot/stamps_ilbert/F150W/F150W_9476.jpg
7705,S0,EARLY_DISK,0.3731962,F150W,/n03data/huertas/COSMOS-Web/zoobot/stamps_ilbert/F150W/F150W_7705.jpg
3686,S0,EARLY_DISK,0.4946134,F150W,/n03data/huertas/COSMOS-Web/zoobot/stamps_ilbert/F150W/F150W_3686.jpg
7421,S0,EARLY_DISK,0.47990885,F150W,/n03data/huertas/COSMOS-Web/zoobot/stamps_ilbert/F150W/F150W_7421.jpg
1119,S0,EARLY_DISK,0.41439337,F150W,/n03data/huertas/COSMOS-Web/zoobot/stamps_ilbert/F150W/F150W_1119.jpg
3613,S0,EARLY_DISK,0.52006584,F150W,/n03data/huertas/COSMOS-Web/zoobot/stamps_ilbert/F150W/F150W_3613.jpg
3673,S0,EARLY_DISK,0.4236184,F444W,/n03data/huertas/COSMOS-Web/zoobot/stamps_ilbert/F444W/F444W_3673.jpg
4740,S0,EARLY_DISK,0.6082778,F277W,/n03data/huertas/COSMOS-Web/zoobot/stamps_ilbert/F277W/F277W_4740.jpg
3579,S0,EARLY_DISK,0.478149,F277W,/n03data/huertas/COSMOS-Web/zoobot/stamps_ilbert/F277W/F277W_3579.jpg
11134,S0,EARLY_DISK,0.68513906,F444W,/n03data/huertas/COSMOS-Web/zoobot/stamps_ilbert/F444W/F444W_11134.jpg
7456,S0,EARLY_DISK,0.3820058,F150W,/n03data/huertas/COSMOS-Web/zoobot/stamps_ilbert/F150W/F150W_7456.jpg
6067,S0,EARLY_DISK,0.4396276,F150W,/n03data/huertas/COSMOS-Web/zoobot/stamps_ilbert/F150W/F150W_6067.jpg
5740,S0,EARLY_DISK,0.43696502,F444W,/n03data/huertas/COSMOS-Web/zoobot/stamps_ilbert/F444W/F444W_5740.jpg
4778,S0,EARLY_DISK,0.6974999,F277W,/n03data/huertas/COSMOS-Web/zoobot/stamps_ilbert/F277W/F277W_4778.jpg
7547,S0,EARLY_DISK,0.39021182,F444W,/n03data/huertas/COSMOS-Web/zoobot/stamps_ilbert/F444W/F444W_7547.jpg
7405,S0,EARLY_DISK,0.4898071,F277W,/n03data/huertas/COSMOS-Web/zoobot/stamps_ilbert/F277W/F277W_7405.jpg
14035,S0,EARLY_DISK,0.50802696,F150W,/n03data/huertas/COSMOS-Web/zoobot/stamps_ilbert/F150W/F150W_14035.jpg
1219,S0,EARLY_DISK,0.49755174,F150W,/n03data/huertas/COSMOS-Web/zoobot/stamps_ilbert/F150W/F150W_1219.jpg
1151,S0,EARLY_DISK,0.5104361,F277W,/n03data/huertas/COSMOS-Web/zoobot/stamps_ilbert/F277W/F277W_1151.jpg
6259,S0,EARLY_DISK,0.55037075,F150W,/n03data/huertas/COSMOS-Web/zoobot/stamps_ilbert/F150W/F150W_6259.jpg
7500,S0,EARLY_DISK,0.4029728,F150W,/n03data/huertas/COSMOS-Web/zoobot/stamps_ilbert/F150W/F150W_7500.jpg
5888,S0,EARLY_DISK,0.4511616,F150W,/n03data/huertas/COSMOS-Web/zoobot/stamps_ilbert/F150W/F150W_5888.jpg
1101,S0,EARLY_DISK,0.76049924,F277W,/n03data/huertas/COSMOS-Web/zoobot/stamps_ilbert/F277W/F277W_1101.jpg
1102,S0,EARLY_DISK,0.66832626,F444W,/n03data/huertas/COSMOS-Web/zoobot/stamps_ilbert/F444W/F444W_1102.jpg
1496,S0,EARLY_DISK,0.34525385,F150W,/n03data/huertas/COSMOS-Web/zoobot/stamps_ilbert/F150W/F150W_1496.jpg
14038,S0,EARLY_DISK,0.5904057,F150W,/n03data/huertas/COSMOS-Web/zoobot/stamps_ilbert/F150W/F150W_14038.jpg
3447,S0,LATE_DISK,0.5679503,F150W,/n03data/huertas/COSMOS-Web/zoobot/stamps_ilbert/F150W/F150W_3447.jpg
5853,S0,LATE_DISK,0.4352247,F150W,/n03data/huertas/COSMOS-Web/zoobot/stamps_ilbert/F150W/F150W_5853.jpg
3493,S0,LATE_DISK,0.76246154,F150W,/n03data/huertas/COSMOS-Web/zoobot/stamps_ilbert/F150W/F150W_3493.jpg
12164,S0,LATE_DISK,0.7229373,F150W,/n03data/huertas/COSMOS-Web/zoobot/stamps_ilbert/F150W/F150W_12164.jpg
12077,S0,LATE_DISK,0.7894059,F444W,/n03data/huertas/COSMOS-Web/zoobot/stamps_ilbert/F444W/F444W_12077.jpg
3672,S0,LATE_DISK,0.49926123,F150W,/n03data/huertas/COSMOS-Web/zoobot/stamps_ilbert/F150W/F150W_3672.jpg
4799,S0,LATE_DISK,0.5277335,F150W,/n03data/huertas/COSMOS-Web/zoobot/stamps_ilbert/F150W/F150W_4799.jpg
7950,S0,LATE_DISK,0.47529313,F444W,/n03data/huertas/COSMOS-Web/zoobot/stamps_ilbert/F444W/F444W_7950.jpg
8000,S0,LATE_DISK,0.5703241,F150W,/n03data/huertas/COSMOS-Web/zoobot/stamps_ilbert/F150W/F150W_8000.jpg
7499,S0,LATE_DISK,0.580891,F150W,/n03data/huertas/COSMOS-Web/zoobot/stamps_ilbert/F150W/F150W_7499.jpg
1160,S0,LATE_DISK,0.5538123,F150W,/n03data/huertas/COSMOS-Web/zoobot/stamps_ilbert/F150W/F150W_1160.jpg
3705,S0,LATE_DISK,0.53621316,F150W,/n03data/huertas/COSMOS-Web/zoobot/stamps_ilbert/F150W/F150W_3705.jpg
3478,S0,LATE_DISK,0.7526708,F277W,/n03data/huertas/COSMOS-Web/zoobot/stamps_ilbert/F277W/F277W_3478.jpg
1106,S0,LATE_DISK,0.49976814,F444W,/n03data/huertas/COSMOS-Web/zoobot/stamps_ilbert/F444W/F444W_1106.jpg
4678,S0,LATE_DISK,0.5795588,F444W,/n03data/huertas/COSMOS-Web/zoobot/stamps_ilbert/F444W/F444W_4678.jpg
1214,S0,LATE_DISK,0.46633136,F150W,/n03data/huertas/COSMOS-Web/zoobot/stamps_ilbert/F150W/F150W_1214.jpg
10700,S0,LATE_DISK,0.6156747,F277W,/n03data/huertas/COSMOS-Web/zoobot/stamps_ilbert/F277W/F277W_10700.jpg
5779,S0,LATE_DISK,0.47729936,F150W,/n03data/huertas/COSMOS-Web/zoobot/stamps_ilbert/F150W/F150W_5779.jpg
8071,S0,LATE_DISK,0.38406,F277W,/n03data/huertas/COSMOS-Web/zoobot/stamps_ilbert/F277W/F277W_8071.jpg
1145,S0,LATE_DISK,0.47173703,F444W,/n03data/huertas/COSMOS-Web/zoobot/stamps_ilbert/F444W/F444W_1145.jpg
4670,S0,LATE_DISK,0.49499774,F150W,/n03data/huertas/COSMOS-Web/zoobot/stamps_ilbert/F150W/F150W_4670.jpg
12104,S0,LATE_DISK,0.8232768,F150W,/n03data/huertas/COSMOS-Web/zoobot/stamps_ilbert/F150W/F150W_12104.jpg
5870,S0,LATE_DISK,0.40031165,F150W,/n03data/huertas/COSMOS-Web/zoobot/stamps_ilbert/F150W/F150W_5870.jpg
1205,S0,LATE_DISK,0.7707233,F150W,/n03data/huertas/COSMOS-Web/zoobot/stamps_ilbert/F150W/F150W_1205.jpg
3679,S0,LATE_DISK,0.6384443,F444W,/n03data/huertas/COSMOS-Web/zoobot/stamps_ilbert/F444W/F444W_3679.jpg
9857,EARLY_DISK,ELLIPTICAL,0.9939319,F150W,/n03data/huertas/COSMOS-Web/zoobot/stamps_ilbert/F150W/F150W_9857.jpg
5203,EARLY_DISK,ELLIPTICAL,0.8127736,F150W,/n03data/huertas/COSMOS-Web/zoobot/stamps_ilbert/F150W/F150W_5203.jpg
11996,EARLY_DISK,ELLIPTICAL,0.7419831,F277W,/n03data/huertas/COSMOS-Web/zoobot/stamps_ilbert/F277W/F277W_11996.jpg
5625,EARLY_DISK,ELLIPTICAL,0.71537346,F150W,/n03data/huertas/COSMOS-Web/zoobot/stamps_ilbert/F150W/F150W_5625.jpg
3921,EARLY_DISK,ELLIPTICAL,0.8572421,F277W,/n03data/huertas/COSMOS-Web/zoobot/stamps_ilbert/F277W/F277W_3921.jpg
12172,EARLY_DISK,ELLIPTICAL,0.776568,F444W,/n03data/huertas/COSMOS-Web/zoobot/stamps_ilbert/F444W/F444W_12172.jpg
8068,EARLY_DISK,ELLIPTICAL,0.6336654,F444W,/n03data/huertas/COSMOS-Web/zoobot/stamps_ilbert/F444W/F444W_8068.jpg
3907,EARLY_DISK,ELLIPTICAL,0.39702666,F277W,/n03data/huertas/COSMOS-Web/zoobot/stamps_ilbert/F277W/F277W_3907.jpg
12091,EARLY_DISK,ELLIPTICAL,0.8480622,F150W,/n03data/huertas/COSMOS-Web/zoobot/stamps_ilbert/F150W/F150W_12091.jpg
3834,EARLY_DISK,ELLIPTICAL,0.40748623,F150W,/n03data/huertas/COSMOS-Web/zoobot/stamps_ilbert/F150W/F150W_3834.jpg
6460,EARLY_DISK,ELLIPTICAL,0.8129194,F277W,/n03data/huertas/COSMOS-Web/zoobot/stamps_ilbert/F277W/F277W_6460.jpg
4115,EARLY_DISK,ELLIPTICAL,0.5584624,F150W,/n03data/huertas/COSMOS-Web/zoobot/stamps_ilbert/F150W/F150W_4115.jpg
6681,EARLY_DISK,ELLIPTICAL,0.99909866,F150W,/n03data/huertas/COSMOS-Web/zoobot/stamps_ilbert/F150W/F150W_6681.jpg
14296,EARLY_DISK,ELLIPTICAL,0.72768205,F150W,/n03data/huertas/COSMOS-Web/zoobot/stamps_ilbert/F150W/F150W_14296.jpg
4187,EARLY_DISK,ELLIPTICAL,0.88665074,F277W,/n03data/huertas/COSMOS-Web/zoobot/stamps_ilbert/F277W/F277W_4187.jpg
4413,EARLY_DISK,ELLIPTICAL,0.84935915,F150W,/n03data/huertas/COSMOS-Web/zoobot/stamps_ilbert/F150W/F150W_4413.jpg
10598,EARLY_DISK,ELLIPTICAL,0.48997495,F150W,/n03data/huertas/COSMOS-Web/zoobot/stamps_ilbert/F150W/F150W_10598.jpg
3799,EARLY_DISK,ELLIPTICAL,0.99296075,F277W,/n03data/huertas/COSMOS-Web/zoobot/stamps_ilbert/F277W/F277W_3799.jpg
2033,EARLY_DISK,ELLIPTICAL,0.7069545,F150W,/n03data/huertas/COSMOS-Web/zoobot/stamps_ilbert/F150W/F150W_2033.jpg
10563,EARLY_DISK,ELLIPTICAL,0.7170544,F444W,/n03data/huertas/COSMOS-Web/zoobot/stamps_ilbert/F444W/F444W_10563.jpg
12975,EARLY_DISK,ELLIPTICAL,0.87222695,F150W,/n03data/huertas/COSMOS-Web/zoobot/stamps_ilbert/F150W/F150W_12975.jpg
12572,EARLY_DISK,ELLIPTICAL,0.5025318,F150W,/n03data/huertas/COSMOS-Web/zoobot/stamps_ilbert/F150W/F150W_12572.jpg
6174,EARLY_DISK,ELLIPTICAL,0.9850352,F150W,/n03data/huertas/COSMOS-Web/zoobot/stamps_ilbert/F150W/F150W_6174.jpg
5897,EARLY_DISK,ELLIPTICAL,0.98479664,F277W,/n03data/huertas/COSMOS-Web/zoobot/stamps_ilbert/F277W/F277W_5897.jpg
1148,EARLY_DISK,ELLIPTICAL,0.9553935,F444W,/n03data/huertas/COSMOS-Web/zoobot/stamps_ilbert/F444W/F444W_1148.jpg
1771,EARLY_DISK,S0,0.6450124,F277W,/n03data/huertas/COSMOS-Web/zoobot/stamps_ilbert/F277W/F277W_1771.jpg
9025,EARLY_DISK,S0,0.5939545,F150W,/n03data/huertas/COSMOS-Web/zoobot/stamps_ilbert/F150W/F150W_9025.jpg
13278,EARLY_DISK,S0,0.7698663,F444W,/n03data/huertas/COSMOS-Web/zoobot/stamps_ilbert/F444W/F444W_13278.jpg
5121,EARLY_DISK,S0,0.46661398,F444W,/n03data/huertas/COSMOS-Web/zoobot/stamps_ilbert/F444W/F444W_5121.jpg
4247,EARLY_DISK,S0,0.52927184,F150W,/n03data/huertas/COSMOS-Web/zoobot/stamps_ilbert/F150W/F150W_4247.jpg
10739,EARLY_DISK,S0,0.7612474,F277W,/n03data/huertas/COSMOS-Web/zoobot/stamps_ilbert/F277W/F277W_10739.jpg
13295,EARLY_DISK,S0,0.39002,F150W,/n03data/huertas/COSMOS-Web/zoobot/stamps_ilbert/F150W/F150W_13295.jpg
2380,EARLY_DISK,S0,0.61980414,F277W,/n03data/huertas/COSMOS-Web/zoobot/stamps_ilbert/F277W/F277W_2380.jpg
5195,EARLY_DISK,S0,0.8077447,F150W,/n03data/huertas/COSMOS-Web/zoobot/stamps_ilbert/F150W/F150W_5195.jpg
4159,EARLY_DISK,S0,0.63626856,F277W,/n03data/huertas/COSMOS-Web/zoobot/stamps_ilbert/F277W/F277W_4159.jpg
9037,EARLY_DISK,S0,0.49752536,F277W,/n03data/huertas/COSMOS-Web/zoobot/stamps_ilbert/F277W/F277W_9037.jpg
6334,EARLY_DISK,S0,0.8839234,F150W,/n03data/huertas/COSMOS-Web/zoobot/stamps_ilbert/F150W/F150W_6334.jpg
9009,EARLY_DISK,S0,0.7041542,F150W,/n03data/huertas/COSMOS-Web/zoobot/stamps_ilbert/F150W/F150W_9009.jpg
12724,EARLY_DISK,S0,0.6981082,F277W,/n03data/huertas/COSMOS-Web/zoobot/stamps_ilbert/F277W/F277W_12724.jpg
4734,EARLY_DISK,S0,0.5194258,F277W,/n03data/huertas/COSMOS-Web/zoobot/stamps_ilbert/F277W/F277W_4734.jpg
2405,EARLY_DISK,S0,0.8909818,F277W,/n03data/huertas/COSMOS-Web/zoobot/stamps_ilbert/F277W/F277W_2405.jpg
1070,EARLY_DISK,S0,0.9255137,F277W,/n03data/huertas/COSMOS-Web/zoobot/stamps_ilbert/F277W/F277W_1070.jpg
6013,EARLY_DISK,S0,0.6028845,F150W,/n03data/huertas/COSMOS-Web/zoobot/stamps_ilbert/F150W/F150W_6013.jpg
12248,EARLY_DISK,S0,0.9708391,F277W,/n03data/huertas/COSMOS-Web/zoobot/stamps_ilbert/F277W/F277W_12248.jpg
6273,EARLY_DISK,S0,0.7679041,F444W,/n03data/huertas/COSMOS-Web/zoobot/stamps_ilbert/F444W/F444W_6273.jpg
4215,EARLY_DISK,S0,0.89468896,F150W,/n03data/huertas/COSMOS-Web/zoobot/stamps_ilbert/F150W/F150W_4215.jpg
1424,EARLY_DISK,S0,0.9837284,F150W,/n03data/huertas/COSMOS-Web/zoobot/stamps_ilbert/F150W/F150W_1424.jpg
11532,EARLY_DISK,S0,0.54588825,F277W,/n03data/huertas/COSMOS-Web/zoobot/stamps_ilbert/F277W/F277W_11532.jpg
7559,EARLY_DISK,S0,0.35535803,F150W,/n03data/huertas/COSMOS-Web/zoobot/stamps_ilbert/F150W/F150W_7559.jpg
6730,EARLY_DISK,S0,0.7419242,F277W,/n03data/huertas/COSMOS-Web/zoobot/stamps_ilbert/F277W/F277W_6730.jpg
3997,EARLY_DISK,EARLY_DISK,0.4863235,F277W,/n03data/huertas/COSMOS-Web/zoobot/stamps_ilbert/F277W/F277W_3997.jpg
13504,EARLY_DISK,EARLY_DISK,0.47959742,F150W,/n03data/huertas/COSMOS-Web/zoobot/stamps_ilbert/F150W/F150W_13504.jpg
5028,EARLY_DISK,EARLY_DISK,0.65742844,F150W,/n03data/huertas/COSMOS-Web/zoobot/stamps_ilbert/F150W/F150W_5028.jpg
4146,EARLY_DISK,EARLY_DISK,0.40753835,F150W,/n03data/huertas/COSMOS-Web/zoobot/stamps_ilbert/F150W/F150W_4146.jpg
12520,EARLY_DISK,EARLY_DISK,0.54952294,F150W,/n03data/huertas/COSMOS-Web/zoobot/stamps_ilbert/F150W/F150W_12520.jpg
6261,EARLY_DISK,EARLY_DISK,0.4832909,F277W,/n03data/huertas/COSMOS-Web/zoobot/stamps_ilbert/F277W/F277W_6261.jpg
7482,EARLY_DISK,EARLY_DISK,0.71984965,F277W,/n03data/huertas/COSMOS-Web/zoobot/stamps_ilbert/F277W/F277W_7482.jpg
10444,EARLY_DISK,EARLY_DISK,0.60306776,F277W,/n03data/huertas/COSMOS-Web/zoobot/stamps_ilbert/F277W/F277W_10444.jpg
12066,EARLY_DISK,EARLY_DISK,0.5152745,F150W,/n03data/huertas/COSMOS-Web/zoobot/stamps_ilbert/F150W/F150W_12066.jpg
13515,EARLY_DISK,EARLY_DISK,0.6552871,F277W,/n03data/huertas/COSMOS-Web/zoobot/stamps_ilbert/F277W/F277W_13515.jpg
14517,EARLY_DISK,EARLY_DISK,0.5495633,F277W,/n03data/huertas/COSMOS-Web/zoobot/stamps_ilbert/F277W/F277W_14517.jpg
10690,EARLY_DISK,EARLY_DISK,0.42054707,F444W,/n03data/huertas/COSMOS-Web/zoobot/stamps_ilbert/F444W/F444W_10690.jpg
13381,EARLY_DISK,EARLY_DISK,0.69283706,F150W,/n03data/huertas/COSMOS-Web/zoobot/stamps_ilbert/F150W/F150W_13381.jpg
9743,EARLY_DISK,EARLY_DISK,0.40946224,F277W,/n03data/huertas/COSMOS-Web/zoobot/stamps_ilbert/F277W/F277W_9743.jpg
13451,EARLY_DISK,EARLY_DISK,0.88823146,F150W,/n03data/huertas/COSMOS-Web/zoobot/stamps_ilbert/F150W/F150W_13451.jpg
12807,EARLY_DISK,EARLY_DISK,0.5181509,F277W,/n03data/huertas/COSMOS-Web/zoobot/stamps_ilbert/F277W/F277W_12807.jpg
9753,EARLY_DISK,EARLY_DISK,0.39209428,F277W,/n03data/huertas/COSMOS-Web/zoobot/stamps_ilbert/F277W/F277W_9753.jpg
3978,EARLY_DISK,EARLY_DISK,0.47780037,F277W,/n03data/huertas/COSMOS-Web/zoobot/stamps_ilbert/F277W/F277W_3978.jpg
14300,EARLY_DISK,EARLY_DISK,0.8770224,F277W,/n03data/huertas/COSMOS-Web/zoobot/stamps_ilbert/F277W/F277W_14300.jpg
7634,EARLY_DISK,EARLY_DISK,0.43140277,F277W,/n03data/huertas/COSMOS-Web/zoobot/stamps_ilbert/F277W/F277W_7634.jpg
9539,EARLY_DISK,EARLY_DISK,0.5590853,F277W,/n03data/huertas/COSMOS-Web/zoobot/stamps_ilbert/F277W/F277W_9539.jpg
1846,EARLY_DISK,EARLY_DISK,0.43679482,F150W,/n03data/huertas/COSMOS-Web/zoobot/stamps_ilbert/F150W/F150W_1846.jpg
9447,EARLY_DISK,EARLY_DISK,0.51620567,F150W,/n03data/huertas/COSMOS-Web/zoobot/stamps_ilbert/F150W/F150W_9447.jpg
3314,EARLY_DISK,EARLY_DISK,0.6491275,F277W,/n03data/huertas/COSMOS-Web/zoobot/stamps_ilbert/F277W/F277W_3314.jpg
12346,EARLY_DISK,EARLY_DISK,0.45758653,F277W,/n03data/huertas/COSMOS-Web/zoobot/stamps_ilbert/F277W/F277W_12346.jpg
8986,EARLY_DISK,LATE_DISK,0.649378,F150W,/n03data/huertas/COSMOS-Web/zoobot/stamps_ilbert/F150W/F150W_8986.jpg
3017,EARLY_DISK,LATE_DISK,0.8744619,F277W,/n03data/huertas/COSMOS-Web/zoobot/stamps_ilbert/F277W/F277W_3017.jpg
3894,EARLY_DISK,LATE_DISK,0.49716657,F277W,/n03data/huertas/COSMOS-Web/zoobot/stamps_ilbert/F277W/F277W_3894.jpg
4780,EARLY_DISK,LATE_DISK,0.9281099,F150W,/n03data/huertas/COSMOS-Web/zoobot/stamps_ilbert/F150W/F150W_4780.jpg
7679,EARLY_DISK,LATE_DISK,0.5135431,F150W,/n03data/huertas/COSMOS-Web/zoobot/stamps_ilbert/F150W/F150W_7679.jpg
1484,EARLY_DISK,LATE_DISK,0.61416817,F150W,/n03data/huertas/COSMOS-Web/zoobot/stamps_ilbert/F150W/F150W_1484.jpg
7791,EARLY_DISK,LATE_DISK,0.54021716,F150W,/n03data/huertas/COSMOS-Web/zoobot/stamps_ilbert/F150W/F150W_7791.jpg
2712,EARLY_DISK,LATE_DISK,0.7090951,F150W,/n03data/huertas/COSMOS-Web/zoobot/stamps_ilbert/F150W/F150W_2712.jpg
9149,EARLY_DISK,LATE_DISK,0.4927024,F150W,/n03data/huertas/COSMOS-Web/zoobot/stamps_ilbert/F150W/F150W_9149.jpg
4600,EARLY_DISK,LATE_DISK,0.5669426,F444W,/n03data/huertas/COSMOS-Web/zoobot/stamps_ilbert/F444W/F444W_4600.jpg
3802,EARLY_DISK,LATE_DISK,0.53525335,F150W,/n03data/huertas/COSMOS-Web/zoobot/stamps_ilbert/F150W/F150W_3802.jpg
2189,EARLY_DISK,LATE_DISK,0.7863223,F277W,/n03data/huertas/COSMOS-Web/zoobot/stamps_ilbert/F277W/F277W_2189.jpg
5005,EARLY_DISK,LATE_DISK,0.66102624,F277W,/n03data/huertas/COSMOS-Web/zoobot/stamps_ilbert/F277W/F277W_5005.jpg
2027,EARLY_DISK,LATE_DISK,0.6657872,F150W,/n03data/huertas/COSMOS-Web/zoobot/stamps_ilbert/F150W/F150W_2027.jpg
8246,EARLY_DISK,LATE_DISK,0.96081704,F150W,/n03data/huertas/COSMOS-Web/zoobot/stamps_ilbert/F150W/F150W_8246.jpg
8182,EARLY_DISK,LATE_DISK,0.6804952,F277W,/n03data/huertas/COSMOS-Web/zoobot/stamps_ilbert/F277W/F277W_8182.jpg
8188,EARLY_DISK,LATE_DISK,0.97294044,F150W,/n03data/huertas/COSMOS-Web/zoobot/stamps_ilbert/F150W/F150W_8188.jpg
2178,EARLY_DISK,LATE_DISK,0.7246251,F150W,/n03data/huertas/COSMOS-Web/zoobot/stamps_ilbert/F150W/F150W_2178.jpg
2369,EARLY_DISK,LATE_DISK,0.67307264,F444W,/n03data/huertas/COSMOS-Web/zoobot/stamps_ilbert/F444W/F444W_2369.jpg
13092,EARLY_DISK,LATE_DISK,0.7771255,F150W,/n03data/huertas/COSMOS-Web/zoobot/stamps_ilbert/F150W/F150W_13092.jpg
6411,EARLY_DISK,LATE_DISK,0.64079493,F444W,/n03data/huertas/COSMOS-Web/zoobot/stamps_ilbert/F444W/F444W_6411.jpg
9470,EARLY_DISK,LATE_DISK,0.64397085,F150W,/n03data/huertas/COSMOS-Web/zoobot/stamps_ilbert/F150W/F150W_9470.jpg
2526,EARLY_DISK,LATE_DISK,0.65428036,F150W,/n03data/huertas/COSMOS-Web/zoobot/stamps_ilbert/F150W/F150W_2526.jpg
2315,EARLY_DISK,LATE_DISK,0.84867376,F444W,/n03data/huertas/COSMOS-Web/zoobot/stamps_ilbert/F444W/F444W_2315.jpg
1121,EARLY_DISK,LATE_DISK,0.53971696,F150W,/n03data/huertas/COSMOS-Web/zoobot/stamps_ilbert/F150W/F150W_1121.jpg
9042,LATE_DISK,ELLIPTICAL,0.63844025,F150W,/n03data/huertas/COSMOS-Web/zoobot/stamps_ilbert/F150W/F150W_9042.jpg
7610,LATE_DISK,ELLIPTICAL,0.5353872,F277W,/n03data/huertas/COSMOS-Web/zoobot/stamps_ilbert/F277W/F277W_7610.jpg
13790,LATE_DISK,ELLIPTICAL,0.697015,F150W,/n03data/huertas/COSMOS-Web/zoobot/stamps_ilbert/F150W/F150W_13790.jpg
6070,LATE_DISK,ELLIPTICAL,0.508536,F150W,/n03data/huertas/COSMOS-Web/zoobot/stamps_ilbert/F150W/F150W_6070.jpg
2435,LATE_DISK,ELLIPTICAL,0.75170684,F277W,/n03data/huertas/COSMOS-Web/zoobot/stamps_ilbert/F277W/F277W_2435.jpg
4258,LATE_DISK,ELLIPTICAL,0.4104395,F444W,/n03data/huertas/COSMOS-Web/zoobot/stamps_ilbert/F444W/F444W_4258.jpg
7109,LATE_DISK,ELLIPTICAL,0.4637393,F277W,/n03data/huertas/COSMOS-Web/zoobot/stamps_ilbert/F277W/F277W_7109.jpg
5994,LATE_DISK,ELLIPTICAL,0.7169893,F277W,/n03data/huertas/COSMOS-Web/zoobot/stamps_ilbert/F277W/F277W_5994.jpg
7606,LATE_DISK,ELLIPTICAL,0.75668484,F277W,/n03data/huertas/COSMOS-Web/zoobot/stamps_ilbert/F277W/F277W_7606.jpg
2462,LATE_DISK,ELLIPTICAL,0.6443963,F444W,/n03data/huertas/COSMOS-Web/zoobot/stamps_ilbert/F444W/F444W_2462.jpg
9016,LATE_DISK,ELLIPTICAL,0.93505013,F277W,/n03data/huertas/COSMOS-Web/zoobot/stamps_ilbert/F277W/F277W_9016.jpg
14584,LATE_DISK,ELLIPTICAL,0.703656,F150W,/n03data/huertas/COSMOS-Web/zoobot/stamps_ilbert/F150W/F150W_14584.jpg
9000,LATE_DISK,ELLIPTICAL,0.70042986,F277W,/n03data/huertas/COSMOS-Web/zoobot/stamps_ilbert/F277W/F277W_9000.jpg
4260,LATE_DISK,ELLIPTICAL,0.83960754,F150W,/n03data/huertas/COSMOS-Web/zoobot/stamps_ilbert/F150W/F150W_4260.jpg
13367,LATE_DISK,ELLIPTICAL,0.8414497,F150W,/n03data/huertas/COSMOS-Web/zoobot/stamps_ilbert/F150W/F150W_13367.jpg
7715,LATE_DISK,ELLIPTICAL,0.7942711,F277W,/n03data/huertas/COSMOS-Web/zoobot/stamps_ilbert/F277W/F277W_7715.jpg
5110,LATE_DISK,ELLIPTICAL,0.6836255,F150W,/n03data/huertas/COSMOS-Web/zoobot/stamps_ilbert/F150W/F150W_5110.jpg
8424,LATE_DISK,ELLIPTICAL,0.31855264,F277W,/n03data/huertas/COSMOS-Web/zoobot/stamps_ilbert/F277W/F277W_8424.jpg
1876,LATE_DISK,ELLIPTICAL,0.95529,F277W,/n03data/huertas/COSMOS-Web/zoobot/stamps_ilbert/F277W/F277W_1876.jpg
2474,LATE_DISK,ELLIPTICAL,0.8415028,F150W,/n03data/huertas/COSMOS-Web/zoobot/stamps_ilbert/F150W/F150W_2474.jpg
7625,LATE_DISK,ELLIPTICAL,0.8961203,F277W,/n03data/huertas/COSMOS-Web/zoobot/stamps_ilbert/F277W/F277W_7625.jpg
10886,LATE_DISK,ELLIPTICAL,0.9947901,F277W,/n03data/huertas/COSMOS-Web/zoobot/stamps_ilbert/F277W/F277W_10886.jpg
7624,LATE_DISK,ELLIPTICAL,0.34603578,F150W,/n03data/huertas/COSMOS-Web/zoobot/stamps_ilbert/F150W/F150W_7624.jpg
6058,LATE_DISK,ELLIPTICAL,0.865527,F277W,/n03data/huertas/COSMOS-Web/zoobot/stamps_ilbert/F277W/F277W_6058.jpg
4363,LATE_DISK,ELLIPTICAL,0.3555573,F277W,/n03data/huertas/COSMOS-Web/zoobot/stamps_ilbert/F277W/F277W_4363.jpg
4953,LATE_DISK,S0,0.379407,F150W,/n03data/huertas/COSMOS-Web/zoobot/stamps_ilbert/F150W/F150W_4953.jpg
1819,LATE_DISK,S0,0.87382317,F277W,/n03data/huertas/COSMOS-Web/zoobot/stamps_ilbert/F277W/F277W_1819.jpg
9052,LATE_DISK,S0,0.68235904,F277W,/n03data/huertas/COSMOS-Web/zoobot/stamps_ilbert/F277W/F277W_9052.jpg
7713,LATE_DISK,S0,0.39573517,F277W,/n03data/huertas/COSMOS-Web/zoobot/stamps_ilbert/F277W/F277W_7713.jpg
4442,LATE_DISK,S0,0.7888342,F150W,/n03data/huertas/COSMOS-Web/zoobot/stamps_ilbert/F150W/F150W_4442.jpg
4444,LATE_DISK,S0,0.32550675,F277W,/n03data/huertas/COSMOS-Web/zoobot/stamps_ilbert/F277W/F277W_4444.jpg
1725,LATE_DISK,S0,0.96602327,F277W,/n03data/huertas/COSMOS-Web/zoobot/stamps_ilbert/F277W/F277W_1725.jpg
4517,LATE_DISK,S0,0.94275206,F150W,/n03data/huertas/COSMOS-Web/zoobot/stamps_ilbert/F150W/F150W_4517.jpg
12249,LATE_DISK,S0,0.7379501,F277W,/n03data/huertas/COSMOS-Web/zoobot/stamps_ilbert/F277W/F277W_12249.jpg
1422,LATE_DISK,S0,0.6751061,F277W,/n03data/huertas/COSMOS-Web/zoobot/stamps_ilbert/F277W/F277W_1422.jpg
2556,LATE_DISK,S0,0.5563536,F150W,/n03data/huertas/COSMOS-Web/zoobot/stamps_ilbert/F150W/F150W_2556.jpg
6938,LATE_DISK,S0,0.46644944,F444W,/n03data/huertas/COSMOS-Web/zoobot/stamps_ilbert/F444W/F444W_6938.jpg
2235,LATE_DISK,S0,0.7845512,F444W,/n03data/huertas/COSMOS-Web/zoobot/stamps_ilbert/F444W/F444W_2235.jpg
6790,LATE_DISK,S0,0.4705092,F150W,/n03data/huertas/COSMOS-Web/zoobot/stamps_ilbert/F150W/F150W_6790.jpg
11007,LATE_DISK,S0,0.75236636,F150W,/n03data/huertas/COSMOS-Web/zoobot/stamps_ilbert/F150W/F150W_11007.jpg
4225,LATE_DISK,S0,0.7732079,F277W,/n03data/huertas/COSMOS-Web/zoobot/stamps_ilbert/F277W/F277W_4225.jpg
9077,LATE_DISK,S0,0.85757375,F150W,/n03data/huertas/COSMOS-Web/zoobot/stamps_ilbert/F150W/F150W_9077.jpg
6357,LATE_DISK,S0,0.49807772,F277W,/n03data/huertas/COSMOS-Web/zoobot/stamps_ilbert/F277W/F277W_6357.jpg
13380,LATE_DISK,S0,0.37929854,F150W,/n03data/huertas/COSMOS-Web/zoobot/stamps_ilbert/F150W/F150W_13380.jpg
4288,LATE_DISK,S0,0.41671446,F444W,/n03data/huertas/COSMOS-Web/zoobot/stamps_ilbert/F444W/F444W_4288.jpg
12276,LATE_DISK,S0,0.38433084,F150W,/n03data/huertas/COSMOS-Web/zoobot/stamps_ilbert/F150W/F150W_12276.jpg
12240,LATE_DISK,S0,0.83390754,F150W,/n03data/huertas/COSMOS-Web/zoobot/stamps_ilbert/F150W/F150W_12240.jpg
12339,LATE_DISK,S0,0.7686679,F444W,/n03data/huertas/COSMOS-Web/zoobot/stamps_ilbert/F444W/F444W_12339.jpg
1353,LATE_DISK,S0,0.8782849,F150W,/n03data/huertas/COSMOS-Web/zoobot/stamps_ilbert/F150W/F150W_1353.jpg
10902,LATE_DISK,S0,0.7583929,F150W,/n03data/huertas/COSMOS-Web/zoobot/stamps_ilbert/F150W/F150W_10902.jpg
2131,LATE_DISK,EARLY_DISK,0.48885733,F277W,/n03data/huertas/COSMOS-Web/zoobot/stamps_ilbert/F277W/F277W_2131.jpg
2270,LATE_DISK,EARLY_DISK,0.5489395,F277W,/n03data/huertas/COSMOS-Web/zoobot/stamps_ilbert/F277W/F277W_2270.jpg
10556,LATE_DISK,EARLY_DISK,0.5756196,F444W,/n03data/huertas/COSMOS-Web/zoobot/stamps_ilbert/F444W/F444W_10556.jpg
11015,LATE_DISK,EARLY_DISK,0.52944255,F277W,/n03data/huertas/COSMOS-Web/zoobot/stamps_ilbert/F277W/F277W_11015.jpg
5938,LATE_DISK,EARLY_DISK,0.44011876,F150W,/n03data/huertas/COSMOS-Web/zoobot/stamps_ilbert/F150W/F150W_5938.jpg
9772,LATE_DISK,EARLY_DISK,0.802507,F444W,/n03data/huertas/COSMOS-Web/zoobot/stamps_ilbert/F444W/F444W_9772.jpg
9767,LATE_DISK,EARLY_DISK,0.3475036,F150W,/n03data/huertas/COSMOS-Web/zoobot/stamps_ilbert/F150W/F150W_9767.jpg
7692,LATE_DISK,EARLY_DISK,0.6069905,F150W,/n03data/huertas/COSMOS-Web/zoobot/stamps_ilbert/F150W/F150W_7692.jpg
4463,LATE_DISK,EARLY_DISK,0.5064629,F444W,/n03data/huertas/COSMOS-Web/zoobot/stamps_ilbert/F444W/F444W_4463.jpg
4157,LATE_DISK,EARLY_DISK,0.33904406,F444W,/n03data/huertas/COSMOS-Web/zoobot/stamps_ilbert/F444W/F444W_4157.jpg
2207,LATE_DISK,EARLY_DISK,0.65775704,F444W,/n03data/huertas/COSMOS-Web/zoobot/stamps_ilbert/F444W/F444W_2207.jpg
9468,LATE_DISK,EARLY_DISK,0.6338587,F444W,/n03data/huertas/COSMOS-Web/zoobot/stamps_ilbert/F444W/F444W_9468.jpg
10917,LATE_DISK,EARLY_DISK,0.508834,F150W,/n03data/huertas/COSMOS-Web/zoobot/stamps_ilbert/F150W/F150W_10917.jpg
6010,LATE_DISK,EARLY_DISK,0.5330013,F150W,/n03data/huertas/COSMOS-Web/zoobot/stamps_ilbert/F150W/F150W_6010.jpg
4909,LATE_DISK,EARLY_DISK,0.46336845,F150W,/n03data/huertas/COSMOS-Web/zoobot/stamps_ilbert/F150W/F150W_4909.jpg
2418,LATE_DISK,EARLY_DISK,0.4253434,F444W,/n03data/huertas/COSMOS-Web/zoobot/stamps_ilbert/F444W/F444W_2418.jpg
8328,LATE_DISK,EARLY_DISK,0.76920146,F277W,/n03data/huertas/COSMOS-Web/zoobot/stamps_ilbert/F277W/F277W_8328.jpg
9571,LATE_DISK,EARLY_DISK,0.6689653,F150W,/n03data/huertas/COSMOS-Web/zoobot/stamps_ilbert/F150W/F150W_9571.jpg
4134,LATE_DISK,EARLY_DISK,0.5132424,F277W,/n03data/huertas/COSMOS-Web/zoobot/stamps_ilbert/F277W/F277W_4134.jpg
12271,LATE_DISK,EARLY_DISK,0.49284208,F277W,/n03data/huertas/COSMOS-Web/zoobot/stamps_ilbert/F277W/F277W_12271.jpg
4210,LATE_DISK,EARLY_DISK,0.37925705,F277W,/n03data/huertas/COSMOS-Web/zoobot/stamps_ilbert/F277W/F277W_4210.jpg
9799,LATE_DISK,EARLY_DISK,0.5341818,F150W,/n03data/huertas/COSMOS-Web/zoobot/stamps_ilbert/F150W/F150W_9799.jpg
6895,LATE_DISK,EARLY_DISK,0.79081005,F277W,/n03data/huertas/COSMOS-Web/zoobot/stamps_ilbert/F277W/F277W_6895.jpg
6354,LATE_DISK,EARLY_DISK,0.37492368,F150W,/n03data/huertas/COSMOS-Web/zoobot/stamps_ilbert/F150W/F150W_6354.jpg
11578,LATE_DISK,EARLY_DISK,0.67765146,F150W,/n03data/huertas/COSMOS-Web/zoobot/stamps_ilbert/F150W/F150W_11578.jpg
5188,LATE_DISK,LATE_DISK,0.95005506,F150W,/n03data/huertas/COSMOS-Web/zoobot/stamps_ilbert/F150W/F150W_5188.jpg
6723,LATE_DISK,LATE_DISK,0.59011984,F150W,/n03data/huertas/COSMOS-Web/zoobot/stamps_ilbert/F150W/F150W_6723.jpg
6603,LATE_DISK,LATE_DISK,0.9372572,F277W,/n03data/huertas/COSMOS-Web/zoobot/stamps_ilbert/F277W/F277W_6603.jpg
12389,LATE_DISK,LATE_DISK,0.4874473,F150W,/n03data/huertas/COSMOS-Web/zoobot/stamps_ilbert/F150W/F150W_12389.jpg
5387,LATE_DISK,LATE_DISK,0.9893791,F150W,/n03data/huertas/COSMOS-Web/zoobot/stamps_ilbert/F150W/F150W_5387.jpg
9905,LATE_DISK,LATE_DISK,0.6970296,F150W,/n03data/huertas/COSMOS-Web/zoobot/stamps_ilbert/F150W/F150W_9905.jpg
13689,LATE_DISK,LATE_DISK,0.9167258,F150W,/n03data/huertas/COSMOS-Web/zoobot/stamps_ilbert/F150W/F150W_13689.jpg
2886,LATE_DISK,LATE_DISK,0.90105623,F277W,/n03data/huertas/COSMOS-Web/zoobot/stamps_ilbert/F277W/F277W_2886.jpg
10230,LATE_DISK,LATE_DISK,0.7872766,F277W,/n03data/huertas/COSMOS-Web/zoobot/stamps_ilbert/F277W/F277W_10230.jpg
7800,LATE_DISK,LATE_DISK,0.7612228,F150W,/n03data/huertas/COSMOS-Web/zoobot/stamps_ilbert/F150W/F150W_7800.jpg
12628,LATE_DISK,LATE_DISK,0.97903115,F277W,/n03data/huertas/COSMOS-Web/zoobot/stamps_ilbert/F277W/F277W_12628.jpg
12715,LATE_DISK,LATE_DISK,0.9819297,F150W,/n03data/huertas/COSMOS-Web/zoobot/stamps_ilbert/F150W/F150W_12715.jpg
4835,LATE_DISK,LATE_DISK,0.8852321,F444W,/n03data/huertas/COSMOS-Web/zoobot/stamps_ilbert/F444W/F444W_4835.jpg
6882,LATE_DISK,LATE_DISK,0.53113425,F277W,/n03data/huertas/COSMOS-Web/zoobot/stamps_ilbert/F277W/F277W_6882.jpg
1413,LATE_DISK,LATE_DISK,0.79173756,F444W,/n03data/huertas/COSMOS-Web/zoobot/stamps_ilbert/F444W/F444W_1413.jpg
7004,LATE_DISK,LATE_DISK,0.9937271,F444W,/n03data/huertas/COSMOS-Web/zoobot/stamps_ilbert/F444W/F444W_7004.jpg
8457,LATE_DISK,LATE_DISK,0.9139047,F277W,/n03data/huertas/COSMOS-Web/zoobot/stamps_ilbert/F277W/F277W_8457.jpg
2208,LATE_DISK,LATE_DISK,0.98403716,F277W,/n03data/huertas/COSMOS-Web/zoobot/stamps_ilbert/F277W/F277W_2208.jpg
8632,LATE_DISK,LATE_DISK,0.8952136,F277W,/n03data/huertas/COSMOS-Web/zoobot/stamps_ilbert/F277W/F277W_8632.jpg
2773,LATE_DISK,LATE_DISK,0.78249115,F277W,/n03data/huertas/COSMOS-Web/zoobot/stamps_ilbert/F277W/F277W_2773.jpg
10172,LATE_DISK,LATE_DISK,0.99344677,F150W,/n03data/huertas/COSMOS-Web/zoobot/stamps_ilbert/F150W/F150W_10172.jpg
5261,LATE_DISK,LATE_DISK,0.9032147,F150W,/n03data/huertas/COSMOS-Web/zoobot/stamps_ilbert/F150W/F150W_5261.jpg
6413,LATE_DISK,LATE_DISK,0.6791997,F150W,/n03data/huertas/COSMOS-Web/zoobot/stamps_ilbert/F150W/F150W_6413.jpg
1655,LATE_DISK,LATE_DISK,0.9885627,F444W,/n03data/huertas/COSMOS-Web/zoobot/stamps_ilbert/F444W/F444W_1655.jpg
5045,LATE_DISK,LATE_DISK,0.95068395,F277W,/n03data/huertas/COSMOS-Web/zoobot/stamps_ilbert/F277W/F277W_5045.jpg
